frequency,raw,smoothed,error,error_smoothed,equalization,parametric_eq,equalized_raw,equalized_smoothed,target
20.00,-18.64,-18.64,-12.70,-12.70,13.08,14.02,-5.56,-5.56,-5.94
20.20,-18.91,-18.91,-12.97,-12.97,13.02,13.95,-5.89,-5.89,-5.94
20.40,-19.09,-19.09,-13.15,-13.15,12.97,13.88,-6.12,-6.12,-5.94
20.61,-19.20,-19.16,-13.26,-13.22,12.93,13.82,-6.27,-6.23,-5.94
20.81,-19.12,-19.12,-13.18,-13.18,12.90,13.75,-6.22,-6.22,-5.94
21.02,-18.99,-18.99,-13.05,-13.05,12.89,13.68,-6.10,-6.11,-5.94
21.23,-18.83,-18.84,-12.89,-12.90,12.88,13.61,-5.95,-5.96,-5.94
21.44,-18.71,-18.71,-12.77,-12.77,12.89,13.54,-5.82,-5.83,-5.94
21.66,-18.64,-18.64,-12.70,-12.70,12.85,13.48,-5.79,-5.79,-5.94
21.87,-18.64,-18.65,-12.70,-12.71,12.87,13.41,-5.77,-5.78,-5.94
22.09,-18.72,-18.74,-12.78,-12.80,12.93,13.34,-5.80,-5.81,-5.94
22.31,-18.89,-18.89,-12.95,-12.95,13.01,13.27,-5.88,-5.88,-5.94
22.54,-19.07,-19.07,-13.13,-13.14,13.10,13.20,-5.97,-5.97,-5.94
22.76,-19.25,-19.23,-13.31,-13.29,13.16,13.13,-6.09,-6.07,-5.94
22.99,-19.33,-19.33,-13.39,-13.38,13.17,13.05,-6.16,-6.15,-5.94
23.22,-19.32,-19.31,-13.36,-13.36,13.14,12.98,-6.18,-6.17,-5.96
23.45,-19.22,-19.18,-13.25,-13.21,13.08,12.91,-6.14,-6.10,-5.97
23.69,-18.95,-18.95,-12.96,-12.97,12.99,12.84,-5.97,-5.97,-5.99
23.92,-18.72,-18.73,-12.72,-12.73,12.89,12.77,-5.83,-5.84,-6.00
24.16,-18.54,-18.59,-12.53,-12.58,12.80,12.70,-5.74,-5.79,-6.01
24.40,-18.58,-18.59,-12.56,-12.57,12.74,12.63,-5.84,-5.85,-6.02
24.65,-18.70,-18.69,-12.67,-12.66,12.72,12.56,-5.98,-5.97,-6.03
24.89,-18.85,-18.82,-12.81,-12.79,12.75,12.49,-6.10,-6.07,-6.04
25.14,-18.93,-18.91,-12.89,-12.87,12.82,12.42,-6.11,-6.09,-6.04
25.39,-18.96,-18.97,-12.92,-12.93,12.90,12.35,-6.06,-6.07,-6.04
25.65,-18.99,-19.02,-12.95,-12.98,12.96,12.28,-6.02,-6.05,-6.04
25.91,-19.07,-19.06,-13.03,-13.02,12.98,12.21,-6.09,-6.08,-6.04
26.16,-19.09,-19.08,-13.04,-13.03,12.95,12.15,-6.14,-6.13,-6.05
26.43,-19.03,-19.01,-12.98,-12.96,12.88,12.08,-6.15,-6.13,-6.05
26.69,-18.87,-18.85,-12.81,-12.79,12.79,12.01,-6.08,-6.06,-6.06
26.96,-18.62,-18.64,-12.55,-12.57,12.66,11.95,-5.96,-5.98,-6.07
27.23,-18.41,-18.43,-12.33,-12.35,12.46,11.88,-5.95,-5.97,-6.08
27.50,-18.23,-18.26,-12.13,-12.16,12.18,11.82,-6.05,-6.08,-6.10
27.77,-18.11,-18.11,-11.99,-11.99,11.82,11.76,-6.29,-6.29,-6.12
28.05,-17.89,-17.87,-11.76,-11.74,11.43,11.70,-6.46,-6.44,-6.13
28.33,-17.54,-17.46,-11.42,-11.33,11.04,11.64,-6.50,-6.42,-6.13
28.62,-16.92,-16.89,-10.78,-10.75,10.70,11.59,-6.22,-6.19,-6.14
28.90,-16.28,-16.30,-10.14,-10.16,10.42,11.53,-5.86,-5.88,-6.14
29.19,-15.82,-15.90,-9.68,-9.76,10.20,11.48,-5.61,-5.70,-6.14
29.48,-15.78,-15.86,-9.64,-9.72,10.08,11.43,-5.70,-5.78,-6.14
29.78,-16.17,-16.14,-10.03,-10.01,10.06,11.39,-6.11,-6.09,-6.14
30.08,-16.64,-16.60,-10.50,-10.46,10.15,11.35,-6.49,-6.45,-6.14
30.38,-17.10,-17.06,-10.97,-10.93,10.35,11.31,-6.75,-6.71,-6.13
30.68,-17.44,-17.45,-11.31,-11.32,10.64,11.27,-6.80,-6.81,-6.13
30.99,-17.76,-17.79,-11.64,-11.67,10.98,11.24,-6.78,-6.81,-6.12
31.30,-18.09,-18.08,-11.98,-11.97,11.31,11.21,-6.78,-6.77,-6.11
31.61,-18.33,-18.31,-12.24,-12.22,11.59,11.19,-6.74,-6.72,-6.09
31.93,-18.46,-18.45,-12.39,-12.38,11.82,11.17,-6.64,-6.63,-6.07
32.24,-18.50,-18.50,-12.44,-12.44,12.02,11.16,-6.48,-6.48,-6.06
32.57,-18.47,-18.48,-12.42,-12.43,12.17,11.16,-6.30,-6.31,-6.05
32.89,-18.42,-18.43,-12.39,-12.39,12.27,11.15,-6.15,-6.15,-6.03
33.22,-18.36,-18.36,-12.34,-12.34,12.31,11.16,-6.05,-6.05,-6.02
33.55,-18.28,-18.28,-12.28,-12.28,12.28,11.17,-6.00,-6.00,-6.00
33.89,-18.19,-18.19,-12.20,-12.21,12.19,11.19,-6.00,-6.00,-5.99
34.23,-18.08,-18.07,-12.11,-12.10,12.06,11.22,-6.02,-6.01,-5.97
34.57,-17.93,-17.91,-11.97,-11.95,11.91,11.25,-6.02,-6.00,-5.96
34.92,-17.71,-17.71,-11.77,-11.76,11.77,11.29,-5.94,-5.94,-5.94
35.27,-17.51,-17.51,-11.58,-11.58,11.67,11.34,-5.84,-5.84,-5.93
35.62,-17.33,-17.37,-11.41,-11.46,11.61,11.39,-5.72,-5.76,-5.92
35.97,-17.33,-17.34,-11.43,-11.44,11.58,11.44,-5.75,-5.76,-5.90
36.33,-17.40,-17.40,-11.51,-11.51,11.58,11.50,-5.82,-5.82,-5.89
36.70,-17.52,-17.51,-11.65,-11.64,11.61,11.56,-5.91,-5.90,-5.87
37.06,-17.63,-17.61,-11.77,-11.75,11.66,11.62,-5.97,-5.95,-5.86
37.43,-17.69,-17.68,-11.83,-11.83,11.73,11.68,-5.96,-5.96,-5.86
37.81,-17.71,-17.71,-11.85,-11.85,11.79,11.73,-5.92,-5.92,-5.86
38.19,-17.72,-17.72,-11.85,-11.85,11.84,11.77,-5.88,-5.88,-5.87
38.57,-17.72,-17.72,-11.84,-11.84,11.88,11.80,-5.84,-5.84,-5.88
38.95,-17.72,-17.72,-11.82,-11.82,11.89,11.80,-5.83,-5.83,-5.90
39.34,-17.72,-17.73,-11.81,-11.81,11.87,11.79,-5.85,-5.85,-5.91
39.74,-17.74,-17.75,-11.81,-11.82,11.84,11.73,-5.90,-5.91,-5.93
40.14,-17.75,-17.75,-11.81,-11.82,11.78,11.64,-5.97,-5.98,-5.94
40.54,-17.74,-17.72,-11.80,-11.78,11.69,11.51,-6.05,-6.03,-5.94
40.94,-17.61,-17.59,-11.67,-11.65,11.58,11.34,-6.03,-6.02,-5.94
41.35,-17.41,-17.40,-11.47,-11.46,11.43,11.11,-5.98,-5.97,-5.94
41.76,-17.15,-17.17,-11.21,-11.23,11.26,10.85,-5.88,-5.91,-5.94
42.18,-16.94,-16.95,-11.00,-11.01,11.07,10.53,-5.87,-5.88,-5.94
42.60,-16.74,-16.73,-10.80,-10.79,10.85,10.18,-5.89,-5.88,-5.94
43.03,-16.53,-16.52,-10.59,-10.58,10.61,9.79,-5.92,-5.91,-5.94
43.46,-16.30,-16.30,-10.35,-10.35,10.34,9.37,-5.96,-5.96,-5.95
43.90,-16.06,-16.07,-10.09,-10.11,10.05,8.92,-6.01,-6.02,-5.97
44.33,-15.82,-15.82,-9.84,-9.84,9.76,8.46,-6.05,-6.06,-5.98
44.78,-15.55,-15.53,-9.55,-9.53,9.50,7.97,-6.05,-6.03,-6.00
45.23,-15.19,-15.17,-9.17,-9.15,9.25,7.48,-5.94,-5.92,-6.02
45.68,-14.79,-14.78,-8.76,-8.75,8.99,6.98,-5.80,-5.79,-6.03
46.13,-14.37,-14.43,-8.33,-8.39,8.67,6.48,-5.69,-5.76,-6.04
46.60,-14.15,-14.22,-8.11,-8.18,8.26,5.98,-5.89,-5.96,-6.04
47.06,-13.98,-14.01,-7.94,-7.97,7.75,5.48,-6.23,-6.26,-6.04
47.53,-13.79,-13.65,-7.76,-7.61,7.15,4.97,-6.65,-6.50,-6.04
48.01,-12.96,-12.89,-6.92,-6.85,6.45,4.48,-6.51,-6.44,-6.04
48.49,-11.83,-11.79,-5.80,-5.75,5.65,3.98,-6.19,-6.14,-6.04
48.97,-10.41,-10.56,-4.37,-4.52,4.72,3.49,-5.69,-5.83,-6.04
49.46,-9.39,-9.48,-3.36,-3.44,3.68,3.01,-5.71,-5.80,-6.04
49.96,-8.52,-8.52,-2.49,-2.48,2.56,2.53,-5.96,-5.96,-6.04
50.46,-7.71,-7.59,-1.68,-1.56,1.44,2.05,-6.28,-6.16,-6.04
50.96,-6.56,-6.50,-0.52,-0.46,0.36,1.58,-6.19,-6.14,-6.04
51.47,-5.31,-5.33,0.73,0.71,-0.63,1.11,-5.93,-5.96,-6.04
51.99,-4.14,-4.24,1.90,1.80,-1.55,0.65,-5.69,-5.79,-6.04
52.51,-3.34,-3.39,2.70,2.65,-2.44,0.19,-5.78,-5.83,-6.04
53.03,-2.75,-2.71,3.29,3.32,-3.33,-0.27,-6.08,-6.05,-6.04
53.56,-2.14,-2.07,3.90,3.97,-4.20,-0.73,-6.34,-6.27,-6.04
54.10,-1.35,-1.32,4.68,4.72,-5.04,-1.18,-6.39,-6.36,-6.04
54.64,-0.47,-0.49,5.57,5.55,-5.78,-1.63,-6.26,-6.27,-6.04
55.18,0.35,0.34,6.38,6.37,-6.41,-2.08,-6.07,-6.08,-6.04
55.74,1.05,1.04,7.08,7.08,-6.90,-2.53,-5.86,-5.86,-6.04
56.29,1.57,1.59,7.61,7.63,-7.24,-2.98,-5.67,-5.65,-6.04
56.86,1.87,1.86,7.91,7.90,-7.43,-3.43,-5.56,-5.58,-6.04
57.42,1.93,1.80,7.97,7.84,-7.48,-3.87,-5.56,-5.68,-6.04
58.00,1.43,1.44,7.47,7.48,-7.41,-4.32,-5.98,-5.97,-6.04
58.58,0.92,0.94,6.96,6.98,-7.22,-4.77,-6.30,-6.28,-6.04
59.16,0.45,0.53,6.49,6.57,-6.97,-5.21,-6.52,-6.44,-6.04
59.76,0.31,0.39,6.35,6.43,-6.72,-5.65,-6.41,-6.33,-6.04
60.35,0.44,0.42,6.48,6.46,-6.52,-6.10,-6.08,-6.10,-6.04
60.96,0.59,0.48,6.63,6.52,-6.41,-6.54,-5.82,-5.93,-6.04
61.57,0.47,0.44,6.53,6.50,-6.40,-6.98,-5.93,-5.96,-6.06
62.18,0.30,0.33,6.37,6.40,-6.50,-7.42,-6.20,-6.17,-6.07
62.80,0.24,0.29,6.33,6.38,-6.64,-7.86,-6.40,-6.35,-6.09
63.43,0.40,0.46,6.50,6.56,-6.81,-8.30,-6.41,-6.35,-6.10
64.07,0.81,0.79,6.92,6.90,-7.00,-8.73,-6.19,-6.21,-6.11
64.71,1.19,1.13,7.31,7.25,-7.24,-9.16,-6.05,-6.11,-6.12
65.35,1.48,1.42,7.61,7.55,-7.55,-9.59,-6.06,-6.13,-6.13
66.01,1.61,1.65,7.75,7.79,-7.91,-10.01,-6.30,-6.26,-6.14
66.67,1.91,1.97,8.05,8.11,-8.30,-10.43,-6.39,-6.33,-6.14
67.33,2.39,2.43,8.52,8.57,-8.69,-10.84,-6.30,-6.26,-6.14
68.01,3.04,3.00,9.18,9.14,-9.07,-11.25,-6.03,-6.07,-6.14
68.69,3.58,3.54,9.72,9.67,-9.46,-11.65,-5.88,-5.92,-6.14
69.37,4.00,3.97,10.14,10.11,-9.86,-12.05,-5.85,-5.89,-6.14
70.07,4.28,4.30,10.42,10.44,-10.29,-12.43,-6.01,-5.99,-6.14
70.77,4.60,4.61,10.76,10.76,-10.79,-12.81,-6.19,-6.18,-6.16
71.48,4.99,4.99,11.16,11.16,-11.37,-13.17,-6.38,-6.37,-6.17
72.19,5.50,5.52,11.68,11.70,-12.03,-13.53,-6.52,-6.51,-6.18
72.91,6.21,6.21,12.40,12.41,-12.77,-13.88,-6.57,-6.56,-6.20
73.64,7.05,7.10,13.26,13.31,-13.59,-14.22,-6.54,-6.49,-6.21
74.38,8.09,8.12,14.32,14.35,-14.44,-14.55,-6.35,-6.32,-6.23
75.12,9.21,9.19,15.45,15.43,-15.27,-14.87,-6.06,-6.08,-6.24
75.87,10.14,10.11,16.38,16.35,-16.01,-15.18,-5.87,-5.90,-6.24
76.63,10.83,10.75,17.07,16.99,-16.57,-15.48,-5.74,-5.82,-6.24
77.40,11.07,11.10,17.31,17.34,-16.96,-15.77,-5.89,-5.86,-6.24
78.17,11.17,11.21,17.41,17.45,-17.17,-16.05,-6.00,-5.96,-6.24
78.95,11.13,11.12,17.37,17.36,-17.24,-16.33,-6.12,-6.13,-6.24
79.74,10.91,10.85,17.15,17.09,-17.22,-16.60,-6.31,-6.37,-6.24
80.54,10.44,10.39,16.68,16.63,-17.09,-16.86,-6.65,-6.70,-6.24
81.35,9.89,9.90,16.12,16.13,-16.97,-17.12,-7.08,-7.07,-6.23
82.16,9.48,9.57,15.70,15.78,-16.95,-17.37,-7.47,-7.38,-6.22
82.98,9.55,9.57,15.75,15.78,-17.09,-17.63,-7.54,-7.52,-6.20
83.81,9.96,9.99,16.15,16.18,-17.43,-17.87,-7.46,-7.43,-6.19
84.65,10.76,10.78,16.94,16.95,-17.94,-18.12,-7.18,-7.16,-6.18
85.50,11.80,11.78,17.96,17.94,-18.58,-18.37,-6.78,-6.80,-6.16
86.35,12.89,12.89,19.03,19.04,-19.28,-18.61,-6.39,-6.39,-6.14
87.22,13.97,13.98,20.08,20.10,-19.97,-18.85,-6.01,-5.99,-6.12
88.09,14.95,14.92,21.05,21.01,-20.61,-19.09,-5.66,-5.69,-6.10
88.97,15.63,15.59,21.69,21.65,-21.19,-19.33,-5.56,-5.60,-6.06
89.86,16.02,15.96,22.05,21.99,-21.66,-19.58,-5.64,-5.70,-6.03
90.76,16.03,16.06,22.04,22.07,-21.99,-19.81,-5.96,-5.92,-6.01
91.66,16.01,16.08,21.99,22.05,-22.14,-20.05,-6.13,-6.07,-5.98
92.58,15.99,16.06,21.94,22.01,-22.10,-20.28,-6.11,-6.03,-5.95
93.51,16.01,16.03,21.93,21.95,-21.94,-20.51,-5.93,-5.92,-5.92
94.44,15.73,15.70,21.63,21.60,-21.72,-20.73,-6.00,-6.02,-5.90
95.39,15.00,14.82,20.87,20.69,-21.48,-20.94,-6.47,-6.66,-5.87
96.34,13.40,13.32,19.24,19.16,-21.20,-21.14,-7.80,-7.88,-5.84
97.30,11.32,11.35,17.13,17.16,-20.90,-21.33,-9.58,-9.55,-5.81
98.28,9.31,9.33,15.09,15.11,-20.60,-21.50,-11.29,-11.27,-5.78
99.26,7.52,7.70,13.27,13.45,-20.32,-21.65,-12.80,-12.62,-5.75
100.25,6.63,6.66,12.37,12.40,-20.09,-21.77,-13.46,-13.43,-5.74
101.25,6.19,6.19,11.93,11.93,-19.95,-21.88,-13.75,-13.76,-5.74
102.27,6.18,6.14,11.92,11.88,-19.87,-21.94,-13.69,-13.73,-5.74
103.29,6.31,6.28,12.05,12.02,-19.87,-22.00,-13.56,-13.59,-5.74
104.32,6.54,6.53,12.28,12.27,-19.95,-21.99,-13.40,-13.42,-5.74
105.37,6.89,6.86,12.63,12.60,-20.10,-21.98,-13.21,-13.24,-5.74
106.42,7.34,7.31,13.08,13.05,-20.33,-21.91,-12.99,-13.01,-5.74
107.48,8.06,8.07,13.80,13.80,-20.67,-21.82,-12.61,-12.61,-5.74
108.56,9.12,9.29,14.84,15.01,-21.00,-21.69,-11.89,-11.71,-5.72
109.64,10.94,11.04,16.64,16.74,-21.28,-21.55,-10.34,-10.24,-5.70
110.74,13.12,13.18,18.81,18.87,-21.46,-21.36,-8.34,-8.28,-5.69
111.85,15.18,15.12,20.85,20.79,-21.53,-21.16,-6.35,-6.40,-5.67
112.97,16.63,16.29,22.29,21.95,-21.48,-20.94,-4.85,-5.18,-5.66
114.10,16.43,16.29,22.08,21.94,-21.40,-20.70,-4.97,-5.11,-5.65
115.24,15.51,15.40,21.15,21.04,-21.35,-20.44,-5.83,-5.95,-5.64
116.39,13.95,14.25,19.59,19.89,-21.16,-20.18,-7.21,-6.91,-5.64
117.55,13.44,13.69,19.08,19.33,-20.87,-19.91,-7.42,-7.18,-5.64
118.73,13.69,13.87,19.33,19.51,-20.49,-19.64,-6.80,-6.62,-5.64
119.92,14.61,14.48,20.25,20.12,-20.07,-19.36,-5.47,-5.59,-5.64
121.12,15.00,14.76,20.64,20.40,-19.64,-19.07,-4.65,-4.88,-5.64
122.33,14.33,14.21,19.97,19.84,-19.25,-18.79,-4.91,-5.04,-5.64
123.55,12.83,12.74,18.46,18.37,-18.89,-18.51,-6.06,-6.15,-5.63
124.79,10.66,10.75,16.28,16.37,-18.48,-18.23,-7.82,-7.73,-5.62
126.03,8.68,8.71,14.29,14.32,-18.06,-17.96,-9.39,-9.35,-5.61
127.29,7.01,7.05,12.60,12.64,-17.63,-17.69,-10.62,-10.57,-5.59
128.57,5.94,6.03,11.51,11.60,-17.21,-17.42,-11.27,-11.18,-5.57
129.85,5.71,5.73,11.27,11.29,-16.86,-17.16,-11.15,-11.13,-5.56
131.15,6.04,6.13,11.59,11.68,-16.68,-16.90,-10.64,-10.54,-5.55
132.46,7.05,7.01,12.59,12.55,-16.64,-16.65,-9.58,-9.63,-5.54
133.79,8.15,8.07,13.69,13.61,-16.61,-16.40,-8.47,-8.54,-5.54
135.12,9.16,9.13,14.70,14.67,-16.66,-16.16,-7.50,-7.53,-5.54
136.48,10.03,10.03,15.57,15.57,-16.72,-15.92,-6.69,-6.69,-5.54
137.84,10.78,10.85,16.32,16.39,-16.74,-15.69,-5.96,-5.89,-5.54
139.22,11.41,11.45,16.95,16.99,-16.72,-15.46,-5.31,-5.27,-5.54
140.61,11.89,11.70,17.43,17.24,-16.67,-15.24,-4.78,-4.96,-5.54
142.02,11.55,11.49,17.08,17.02,-16.56,-15.02,-5.01,-5.07,-5.53
143.44,10.88,10.90,16.40,16.41,-16.37,-14.81,-5.49,-5.48,-5.52
144.87,10.09,10.20,15.59,15.70,-16.04,-14.60,-5.95,-5.84,-5.50
146.32,9.60,9.72,15.09,15.21,-15.55,-14.40,-5.95,-5.83,-5.49
147.78,9.43,9.44,14.91,14.92,-14.95,-14.20,-5.52,-5.51,-5.48
149.26,9.26,9.16,14.73,14.63,-14.31,-14.01,-5.05,-5.15,-5.47
150.75,8.78,8.65,14.23,14.10,-13.71,-13.82,-4.93,-5.06,-5.45
152.26,7.87,7.85,13.31,13.29,-13.20,-13.64,-5.33,-5.35,-5.44
153.78,6.98,7.04,12.40,12.46,-12.78,-13.46,-5.80,-5.74,-5.42
155.32,6.31,6.48,11.72,11.89,-12.40,-13.28,-6.09,-5.92,-5.41
156.88,6.32,6.34,11.71,11.73,-12.07,-13.10,-5.75,-5.73,-5.39
158.44,6.44,6.41,11.82,11.78,-11.79,-12.94,-5.35,-5.38,-5.38
160.03,6.61,6.47,11.97,11.83,-11.57,-12.77,-4.96,-5.10,-5.36
161.63,6.34,6.32,11.69,11.67,-11.40,-12.61,-5.06,-5.08,-5.35
163.24,6.06,6.12,11.40,11.46,-11.30,-12.44,-5.24,-5.18,-5.34
164.88,5.83,5.93,11.17,11.27,-11.22,-12.29,-5.39,-5.29,-5.34
166.53,5.89,5.87,11.23,11.21,-11.14,-12.13,-5.25,-5.27,-5.34
168.19,5.81,5.71,11.15,11.05,-11.10,-11.98,-5.29,-5.39,-5.34
169.87,5.57,5.44,10.91,10.78,-11.10,-11.83,-5.53,-5.66,-5.34
171.57,5.01,5.11,10.35,10.45,-11.15,-11.69,-6.14,-6.04,-5.34
173.29,4.95,5.09,10.29,10.44,-11.24,-11.54,-6.29,-6.15,-5.34
175.02,5.30,5.47,10.65,10.82,-11.35,-11.40,-6.04,-5.87,-5.35
176.77,6.21,6.10,11.58,11.47,-11.40,-11.26,-5.19,-5.29,-5.37
178.54,6.64,6.49,12.02,11.87,-11.40,-11.12,-4.76,-4.91,-5.38
180.32,6.49,6.30,11.88,11.69,-11.40,-10.98,-4.91,-5.10,-5.39
182.13,5.61,5.57,11.02,10.98,-11.41,-10.85,-5.80,-5.84,-5.41
183.95,4.60,4.77,10.02,10.19,-11.39,-10.72,-6.78,-6.61,-5.42
185.79,4.22,4.40,9.66,9.83,-11.29,-10.59,-7.06,-6.89,-5.44
187.65,4.48,4.62,9.92,10.06,-11.09,-10.46,-6.61,-6.48,-5.44
189.52,5.32,5.22,10.76,10.66,-10.83,-10.34,-5.51,-5.61,-5.44
191.42,5.74,5.61,11.18,11.05,-10.54,-10.21,-4.80,-4.92,-5.44
193.33,5.72,5.50,11.16,10.94,-10.28,-10.09,-4.56,-4.78,-5.44
195.27,4.81,4.85,10.25,10.29,-10.05,-9.96,-5.24,-5.21,-5.44
197.22,3.98,4.09,9.42,9.52,-9.83,-9.84,-5.85,-5.74,-5.44
199.19,3.39,3.55,8.83,8.99,-9.59,-9.72,-6.20,-6.04,-5.44
201.18,3.43,3.46,8.87,8.89,-9.32,-9.61,-5.89,-5.86,-5.44
203.19,3.64,3.59,9.08,9.03,-9.02,-9.49,-5.38,-5.43,-5.44
205.23,3.76,3.68,9.20,9.12,-8.76,-9.37,-5.00,-5.08,-5.44
207.28,3.62,3.54,9.06,8.98,-8.60,-9.26,-4.98,-5.06,-5.44
209.35,3.19,3.21,8.63,8.65,-8.55,-9.15,-5.36,-5.34,-5.44
211.44,2.84,2.89,8.28,8.33,-8.53,-9.03,-5.69,-5.64,-5.44
213.56,2.63,2.73,8.07,8.17,-8.49,-8.92,-5.86,-5.76,-5.44
215.69,2.80,2.78,8.24,8.22,-8.43,-8.81,-5.63,-5.65,-5.44
217.85,2.94,2.91,8.38,8.35,-8.33,-8.70,-5.39,-5.42,-5.44
220.03,3.03,3.00,8.47,8.44,-8.21,-8.59,-5.18,-5.22,-5.44
222.23,2.96,2.96,8.40,8.40,-8.12,-8.49,-5.16,-5.16,-5.44
224.45,2.82,2.84,8.26,8.28,-8.04,-8.38,-5.22,-5.20,-5.44
226.70,2.64,2.64,8.08,8.08,-7.97,-8.28,-5.33,-5.33,-5.44
228.96,2.44,2.39,7.88,7.82,-7.93,-8.17,-5.49,-5.55,-5.44
231.25,2.13,2.09,7.56,7.52,-7.94,-8.07,-5.81,-5.85,-5.43
233.57,1.88,1.93,7.30,7.35,-8.00,-7.96,-6.12,-6.07,-5.42
235.90,1.87,2.02,7.28,7.43,-8.06,-7.86,-6.19,-6.03,-5.41
238.26,2.41,2.44,7.80,7.83,-8.10,-7.76,-5.69,-5.66,-5.39
240.64,2.98,2.94,8.36,8.32,-8.13,-7.66,-5.15,-5.19,-5.38
243.05,3.40,3.25,8.77,8.62,-8.12,-7.56,-4.72,-4.87,-5.37
245.48,3.17,3.17,8.52,8.51,-8.05,-7.46,-4.88,-4.88,-5.35
247.93,2.72,2.73,8.04,8.05,-7.88,-7.36,-5.16,-5.15,-5.32
250.41,2.07,2.08,7.35,7.36,-7.60,-7.27,-5.53,-5.52,-5.28
252.92,1.39,1.38,6.62,6.62,-7.25,-7.17,-5.86,-5.87,-5.23
255.45,0.78,0.76,5.97,5.95,-6.90,-7.07,-6.12,-6.14,-5.19
258.00,0.27,0.37,5.42,5.52,-6.60,-6.98,-6.33,-6.23,-5.15
260.58,0.23,0.28,5.34,5.38,-6.39,-6.89,-6.16,-6.11,-5.11
263.19,0.47,0.45,5.53,5.51,-6.34,-6.79,-5.87,-5.89,-5.06
265.82,0.82,0.76,5.85,5.79,-6.42,-6.70,-5.60,-5.66,-5.03
268.48,1.11,1.09,6.11,6.08,-6.57,-6.61,-5.46,-5.49,-5.00
271.16,1.41,1.48,6.38,6.45,-6.70,-6.52,-5.29,-5.23,-4.97
273.87,1.80,1.90,6.74,6.84,-6.81,-6.43,-5.01,-4.92,-4.94
276.61,2.36,2.26,7.27,7.17,-6.86,-6.34,-4.50,-4.61,-4.91
279.38,2.45,2.39,7.34,7.27,-6.84,-6.25,-4.39,-4.45,-4.89
282.17,2.24,2.18,7.10,7.04,-6.72,-6.16,-4.48,-4.53,-4.86
284.99,1.68,1.71,6.51,6.54,-6.49,-6.07,-4.81,-4.78,-4.83
287.84,1.14,1.22,5.94,6.02,-6.17,-5.98,-5.03,-4.95,-4.80
290.72,0.75,0.80,5.52,5.57,-5.81,-5.90,-5.06,-5.00,-4.77
293.63,0.49,0.46,5.23,5.20,-5.40,-5.81,-4.91,-4.94,-4.74
296.57,0.14,0.06,4.85,4.77,-4.97,-5.73,-4.83,-4.91,-4.71
299.53,-0.41,-0.46,4.27,4.22,-4.59,-5.64,-5.00,-5.05,-4.68
302.53,-1.04,-1.01,3.61,3.64,-4.29,-5.56,-5.33,-5.29,-4.65
305.55,-1.50,-1.42,3.13,3.21,-4.07,-5.48,-5.57,-5.49,-4.63
308.61,-1.58,-1.55,3.04,3.07,-3.94,-5.40,-5.52,-5.49,-4.62
311.69,-1.44,-1.43,3.17,3.18,-3.89,-5.32,-5.33,-5.32,-4.61
314.81,-1.12,-1.19,3.48,3.41,-3.94,-5.24,-5.06,-5.13,-4.60
317.96,-0.90,-0.92,3.68,3.66,-4.06,-5.16,-4.96,-4.99,-4.58
321.14,-0.66,-0.62,3.90,3.95,-4.19,-5.08,-4.85,-4.81,-4.56
324.35,-0.34,-0.28,4.21,4.27,-4.31,-5.00,-4.65,-4.59,-4.55
327.59,0.11,0.11,4.64,4.63,-4.40,-4.92,-4.29,-4.29,-4.53
330.87,0.38,0.34,4.88,4.84,-4.43,-4.85,-4.05,-4.10,-4.50
334.18,0.40,0.29,4.88,4.76,-4.39,-4.77,-3.99,-4.10,-4.48
337.52,-0.10,-0.09,4.34,4.35,-4.24,-4.70,-4.34,-4.34,-4.44
340.90,-0.68,-0.65,3.74,3.77,-3.98,-4.62,-4.65,-4.63,-4.42
344.30,-1.29,-1.22,3.10,3.16,-3.64,-4.55,-4.93,-4.86,-4.39
347.75,-1.68,-1.68,2.68,2.68,-3.29,-4.48,-4.96,-4.97,-4.36
351.23,-2.02,-2.05,2.32,2.29,-2.96,-4.40,-4.98,-5.01,-4.34
354.74,-2.32,-2.33,2.00,2.00,-2.70,-4.33,-5.02,-5.03,-4.32
358.28,-2.54,-2.53,1.77,1.78,-2.56,-4.26,-5.10,-5.09,-4.31
361.87,-2.59,-2.58,1.71,1.72,-2.53,-4.19,-5.12,-5.11,-4.30
365.49,-2.47,-2.42,1.81,1.86,-2.61,-4.12,-5.08,-5.03,-4.28
369.14,-2.08,-2.08,2.18,2.19,-2.73,-4.06,-4.81,-4.81,-4.26
372.83,-1.60,-1.61,2.65,2.64,-2.92,-3.99,-4.52,-4.53,-4.25
376.56,-1.13,-1.13,3.10,3.10,-3.13,-3.92,-4.26,-4.27,-4.23
380.33,-0.71,-0.76,3.50,3.45,-3.35,-3.86,-4.06,-4.11,-4.21
384.13,-0.52,-0.51,3.66,3.67,-3.53,-3.79,-4.05,-4.04,-4.18
387.97,-0.41,-0.39,3.74,3.76,-3.63,-3.73,-4.04,-4.02,-4.15
391.85,-0.36,-0.39,3.76,3.73,-3.61,-3.66,-3.97,-4.00,-4.12
395.77,-0.48,-0.47,3.61,3.62,-3.50,-3.60,-3.98,-3.97,-4.09
399.73,-0.64,-0.63,3.42,3.43,-3.34,-3.54,-3.98,-3.98,-4.06
403.72,-0.85,-0.87,3.19,3.17,-3.16,-3.48,-4.01,-4.04,-4.04
407.76,-1.14,-1.15,2.88,2.87,-2.99,-3.42,-4.13,-4.14,-4.02
411.84,-1.41,-1.41,2.60,2.60,-2.83,-3.36,-4.24,-4.24,-4.01
415.96,-1.61,-1.56,2.38,2.43,-2.69,-3.30,-4.30,-4.25,-3.99
420.12,-1.62,-1.56,2.36,2.41,-2.56,-3.24,-4.18,-4.12,-3.98
424.32,-1.46,-1.47,2.50,2.49,-2.43,-3.18,-3.89,-3.90,-3.96
428.56,-1.36,-1.42,2.59,2.53,-2.28,-3.12,-3.64,-3.70,-3.95
432.85,-1.46,-1.53,2.48,2.41,-2.12,-3.07,-3.58,-3.64,-3.94
437.18,-1.82,-1.79,2.10,2.13,-1.93,-3.01,-3.75,-3.72,-3.92
441.55,-2.17,-2.13,1.74,1.77,-1.74,-2.96,-3.91,-3.87,-3.91
445.96,-2.45,-2.44,1.44,1.45,-1.55,-2.90,-4.00,-4.00,-3.89
450.42,-2.67,-2.70,1.21,1.18,-1.40,-2.85,-4.07,-4.10,-3.88
454.93,-2.84,-2.85,1.02,1.01,-1.29,-2.80,-4.13,-4.14,-3.86
459.48,-2.95,-2.87,0.90,0.97,-1.23,-2.74,-4.18,-4.10,-3.85
464.07,-2.76,-2.74,1.07,1.10,-1.20,-2.69,-3.96,-3.94,-3.83
468.71,-2.51,-2.51,1.31,1.30,-1.20,-2.64,-3.71,-3.71,-3.82
473.40,-2.28,-2.34,1.53,1.47,-1.18,-2.59,-3.46,-3.52,-3.81
478.13,-2.30,-2.34,1.49,1.45,-1.13,-2.54,-3.43,-3.47,-3.79
482.91,-2.53,-2.52,1.25,1.25,-1.03,-2.50,-3.56,-3.56,-3.78
487.74,-2.83,-2.81,0.94,0.95,-0.90,-2.45,-3.73,-3.71,-3.77
492.62,-3.12,-3.10,0.63,0.66,-0.74,-2.40,-3.85,-3.83,-3.75
497.55,-3.32,-3.32,0.42,0.41,-0.58,-2.36,-3.90,-3.90,-3.74
502.52,-3.45,-3.46,0.27,0.26,-0.46,-2.31,-3.91,-3.92,-3.72
507.55,-3.52,-3.49,0.19,0.22,-0.42,-2.27,-3.94,-3.91,-3.71
512.62,-3.41,-3.40,0.29,0.29,-0.46,-2.23,-3.87,-3.86,-3.70
517.75,-3.22,-3.21,0.46,0.47,-0.56,-2.18,-3.78,-3.77,-3.68
522.93,-2.95,-2.96,0.71,0.71,-0.69,-2.14,-3.64,-3.65,-3.66
528.16,-2.71,-2.71,0.94,0.94,-0.81,-2.10,-3.52,-3.52,-3.65
533.44,-2.54,-2.54,1.09,1.09,-0.88,-2.06,-3.42,-3.42,-3.63
538.77,-2.45,-2.50,1.15,1.10,-0.89,-2.02,-3.34,-3.39,-3.60
544.16,-2.60,-2.61,0.98,0.97,-0.83,-1.99,-3.43,-3.43,-3.58
549.60,-2.83,-2.82,0.72,0.73,-0.70,-1.95,-3.53,-3.52,-3.55
555.10,-3.10,-3.08,0.42,0.44,-0.52,-1.91,-3.62,-3.60,-3.52
560.65,-3.32,-3.32,0.17,0.17,-0.30,-1.88,-3.62,-3.62,-3.49
566.25,-3.53,-3.53,-0.07,-0.07,-0.06,-1.85,-3.59,-3.60,-3.46
571.92,-3.72,-3.71,-0.28,-0.27,0.19,-1.82,-3.53,-3.52,-3.44
577.64,-3.89,-3.88,-0.47,-0.45,0.47,-1.78,-3.42,-3.41,-3.42
583.41,-4.03,-4.03,-0.62,-0.62,0.76,-1.76,-3.27,-3.26,-3.41
589.25,-4.21,-4.22,-0.81,-0.83,1.04,-1.73,-3.17,-3.18,-3.40
595.14,-4.45,-4.50,-1.07,-1.12,1.30,-1.70,-3.15,-3.20,-3.38
601.09,-4.85,-4.85,-1.49,-1.49,1.51,-1.68,-3.34,-3.34,-3.36
607.10,-5.22,-5.19,-1.87,-1.84,1.67,-1.66,-3.55,-3.52,-3.35
613.17,-5.52,-5.46,-2.18,-2.12,1.77,-1.63,-3.75,-3.69,-3.34
619.30,-5.62,-5.63,-2.30,-2.31,1.79,-1.62,-3.83,-3.84,-3.32
625.50,-5.78,-5.81,-2.47,-2.51,1.73,-1.60,-4.05,-4.08,-3.31
631.75,-6.00,-6.07,-2.71,-2.77,1.58,-1.59,-4.42,-4.48,-3.29
638.07,-6.42,-6.40,-3.14,-3.12,1.36,-1.58,-5.06,-5.04,-3.28
644.45,-6.73,-6.69,-3.47,-3.43,1.09,-1.57,-5.64,-5.60,-3.26
650.89,-6.91,-6.86,-3.66,-3.61,0.78,-1.56,-6.13,-6.08,-3.25
657.40,-6.87,-6.88,-3.64,-3.65,0.49,-1.56,-6.38,-6.40,-3.23
663.98,-6.83,-6.89,-3.61,-3.67,0.22,-1.57,-6.61,-6.67,-3.22
670.62,-6.82,-6.87,-3.61,-3.67,-0.04,-1.58,-6.86,-6.92,-3.21
677.32,-6.87,-6.81,-3.68,-3.62,-0.30,-1.59,-7.17,-7.11,-3.19
684.10,-6.60,-6.57,-3.42,-3.39,-0.56,-1.61,-7.16,-7.13,-3.18
690.94,-6.08,-6.05,-2.92,-2.88,-0.82,-1.64,-6.90,-6.87,-3.16
697.85,-5.29,-5.26,-2.14,-2.11,-1.08,-1.68,-6.37,-6.34,-3.15
704.83,-4.30,-4.33,-1.17,-1.21,-1.33,-1.72,-5.63,-5.67,-3.13
711.87,-3.37,-3.38,-0.28,-0.29,-1.59,-1.78,-4.96,-4.97,-3.09
718.99,-2.50,-2.52,0.54,0.53,-1.85,-1.84,-4.35,-4.37,-3.04
726.18,-1.79,-1.80,1.21,1.21,-2.11,-1.93,-3.90,-3.91,-3.00
733.44,-1.24,-1.24,1.72,1.71,-2.37,-2.02,-3.61,-3.61,-2.96
740.78,-0.83,-0.87,2.09,2.05,-2.61,-2.15,-3.44,-3.48,-2.92
748.19,-0.62,-0.62,2.25,2.25,-2.87,-2.28,-3.49,-3.49,-2.87
755.67,-0.44,-0.44,2.40,2.40,-3.16,-2.45,-3.60,-3.59,-2.84
763.23,-0.21,-0.18,2.60,2.63,-3.46,-2.63,-3.67,-3.64,-2.81
770.86,0.17,0.24,2.95,3.02,-3.76,-2.86,-3.58,-3.52,-2.78
778.57,0.81,0.83,3.56,3.58,-4.02,-3.09,-3.21,-3.19,-2.75
786.35,1.47,1.46,4.19,4.18,-4.25,-3.37,-2.78,-2.79,-2.72
794.22,2.05,1.97,4.74,4.66,-4.45,-3.66,-2.40,-2.48,-2.69
802.16,2.24,2.21,4.90,4.87,-4.62,-3.95,-2.38,-2.41,-2.66
810.18,2.26,2.24,4.88,4.85,-4.77,-4.24,-2.51,-2.53,-2.62
818.28,2.11,2.17,4.68,4.74,-4.88,-4.45,-2.77,-2.72,-2.57
826.46,2.12,2.18,4.63,4.69,-4.95,-4.65,-2.83,-2.77,-2.51
834.73,2.26,2.29,4.72,4.74,-4.91,-4.67,-2.65,-2.62,-2.46
843.08,2.47,2.43,4.86,4.83,-4.77,-4.66,-2.30,-2.33,-2.39
851.51,2.51,2.47,4.85,4.81,-4.54,-4.47,-2.03,-2.07,-2.34
860.02,2.32,2.32,4.60,4.61,-4.28,-4.26,-1.96,-1.96,-2.28
868.62,1.97,1.96,4.21,4.20,-3.97,-3.96,-2.00,-2.01,-2.24
877.31,1.44,1.43,3.65,3.63,-3.60,-3.65,-2.16,-2.17,-2.21
886.08,0.78,0.75,2.96,2.93,-3.20,-3.34,-2.42,-2.45,-2.18
894.94,0.09,0.06,2.24,2.21,-2.82,-3.03,-2.73,-2.77,-2.15
903.89,-0.58,-0.50,1.54,1.62,-2.51,-2.77,-3.09,-3.01,-2.12
912.93,-0.81,-0.75,1.28,1.34,-2.27,-2.52,-3.08,-3.02,-2.09
922.06,-0.71,-0.64,1.36,1.42,-2.12,-2.32,-2.83,-2.76,-2.07
931.28,-0.26,-0.28,1.78,1.76,-2.05,-2.12,-2.31,-2.33,-2.04
940.59,0.17,0.09,2.19,2.12,-2.05,-1.98,-1.87,-1.95,-2.02
950.00,0.36,0.30,2.37,2.31,-2.07,-1.84,-1.71,-1.76,-2.01
959.50,0.31,0.29,2.30,2.28,-2.06,-1.74,-1.75,-1.77,-1.99
969.09,0.12,0.17,2.10,2.15,-2.05,-1.64,-1.93,-1.88,-1.98
978.78,0.02,0.06,1.98,2.02,-2.01,-1.58,-1.99,-1.95,-1.96
988.57,0.00,0.00,1.95,1.95,-1.96,-1.52,-1.96,-1.95,-1.95
998.46,0.01,-0.02,1.95,1.91,-1.89,-1.49,-1.88,-1.91,-1.94
1008.44,-0.06,-0.09,1.85,1.82,-1.85,-1.47,-1.91,-1.94,-1.91
1018.53,-0.15,-0.16,1.73,1.72,-1.88,-1.47,-2.03,-2.04,-1.88
1028.71,-0.21,-0.15,1.64,1.70,-1.96,-1.47,-2.17,-2.11,-1.85
1039.00,-0.01,0.03,1.81,1.85,-2.07,-1.49,-2.08,-2.04,-1.82
1049.39,0.31,0.33,2.11,2.13,-2.16,-1.52,-1.85,-1.83,-1.80
1059.88,0.70,0.66,2.47,2.43,-2.19,-1.57,-1.49,-1.53,-1.77
1070.48,0.89,0.85,2.63,2.59,-2.19,-1.62,-1.30,-1.34,-1.74
1081.19,0.85,0.80,2.56,2.51,-2.17,-1.69,-1.32,-1.37,-1.71
1092.00,0.57,0.54,2.25,2.22,-2.13,-1.76,-1.56,-1.59,-1.68
1102.92,0.16,0.19,1.81,1.84,-2.08,-1.86,-1.92,-1.89,-1.65
1113.95,-0.10,-0.08,1.52,1.55,-2.03,-1.96,-2.12,-2.10,-1.62
1125.09,-0.20,-0.14,1.40,1.46,-2.00,-2.08,-2.20,-2.14,-1.60
1136.34,0.04,0.04,1.61,1.61,-2.04,-2.20,-2.00,-1.99,-1.57
1147.70,0.40,0.39,1.93,1.91,-2.14,-2.34,-1.74,-1.75,-1.53
1159.18,0.83,0.82,2.30,2.29,-2.32,-2.47,-1.49,-1.50,-1.47
1170.77,1.24,1.23,2.65,2.64,-2.53,-2.63,-1.29,-1.30,-1.41
1182.48,1.59,1.58,2.94,2.93,-2.77,-2.78,-1.18,-1.19,-1.35
1194.30,1.86,1.84,3.16,3.14,-3.01,-2.95,-1.15,-1.17,-1.30
1206.25,2.03,2.02,3.27,3.26,-3.23,-3.11,-1.20,-1.22,-1.24
1218.31,2.15,2.17,3.33,3.35,-3.43,-3.26,-1.28,-1.27,-1.18
1230.49,2.32,2.35,3.44,3.46,-3.62,-3.41,-1.30,-1.28,-1.12
1242.80,2.57,2.59,3.62,3.64,-3.79,-3.53,-1.21,-1.19,-1.05
1255.22,2.90,2.90,3.88,3.88,-3.91,-3.65,-1.01,-1.01,-0.98
1267.78,3.19,3.19,4.10,4.10,-3.98,-3.71,-0.79,-0.79,-0.91
1280.45,3.43,3.39,4.27,4.23,-4.03,-3.78,-0.60,-0.64,-0.84
1293.26,3.46,3.45,4.23,4.22,-4.04,-3.77,-0.58,-0.60,-0.77
1306.19,3.38,3.38,4.08,4.07,-4.03,-3.75,-0.64,-0.65,-0.70
1319.25,3.23,3.24,3.85,3.86,-3.97,-3.65,-0.74,-0.73,-0.62
1332.45,3.10,3.13,3.64,3.67,-3.87,-3.54,-0.77,-0.74,-0.54
1345.77,3.07,3.10,3.52,3.55,-3.71,-3.36,-0.64,-0.61,-0.45
1359.23,3.09,3.12,3.46,3.48,-3.49,-3.17,-0.40,-0.38,-0.37
1372.82,3.16,3.12,3.44,3.40,-3.25,-2.93,-0.08,-0.13,-0.28
1386.55,3.03,3.00,3.22,3.20,-2.98,-2.68,0.05,0.02,-0.19
1400.41,2.77,2.74,2.88,2.85,-2.70,-2.39,0.07,0.04,-0.11
1414.42,2.36,2.38,2.38,2.39,-2.41,-2.10,-0.05,-0.03,-0.02
1428.56,2.00,2.03,1.90,1.93,-2.09,-1.80,-0.09,-0.07,0.10
1442.85,1.73,1.75,1.51,1.54,-1.75,-1.49,-0.02,0.01,0.22
1457.28,1.57,1.59,1.24,1.25,-1.36,-1.19,0.21,0.22,0.33
1471.85,1.48,1.48,1.03,1.03,-0.96,-0.88,0.52,0.52,0.45
1486.57,1.34,1.32,0.79,0.77,-0.56,-0.59,0.78,0.77,0.55
1501.43,1.13,1.07,0.46,0.40,-0.18,-0.29,0.95,0.90,0.67
1516.45,0.72,0.72,-0.06,-0.06,0.17,-0.01,0.89,0.89,0.78
1531.61,0.33,0.34,-0.57,-0.55,0.49,0.27,0.82,0.83,0.90
1546.93,0.01,0.05,-1.00,-0.96,0.76,0.54,0.77,0.81,1.01
1562.40,-0.09,-0.07,-1.21,-1.19,0.96,0.80,0.87,0.89,1.12
1578.02,-0.03,-0.04,-1.27,-1.28,1.08,1.04,1.05,1.04,1.24
1593.80,0.12,0.11,-1.24,-1.25,1.11,1.29,1.23,1.22,1.36
1609.74,0.31,0.32,-1.16,-1.15,1.08,1.52,1.39,1.40,1.47
1625.84,0.56,0.58,-1.02,-1.00,1.03,1.75,1.59,1.61,1.58
1642.10,0.81,0.84,-0.88,-0.86,1.00,1.96,1.82,1.84,1.69
1658.52,1.07,1.01,-0.74,-0.80,1.04,2.18,2.11,2.05,1.81
1675.10,1.04,1.02,-0.88,-0.90,1.16,2.38,2.20,2.18,1.92
1691.85,0.86,0.85,-1.18,-1.19,1.36,2.58,2.22,2.21,2.04
1708.77,0.53,0.53,-1.62,-1.62,1.65,2.78,2.18,2.18,2.15
1725.86,0.16,0.19,-2.10,-2.07,1.99,2.97,2.15,2.18,2.26
1743.12,-0.13,-0.12,-2.51,-2.51,2.37,3.15,2.24,2.24,2.38
1760.55,-0.38,-0.38,-2.89,-2.89,2.75,3.33,2.37,2.38,2.51
1778.15,-0.58,-0.58,-3.22,-3.22,3.13,3.51,2.55,2.54,2.64
1795.94,-0.75,-0.75,-3.52,-3.52,3.46,3.68,2.71,2.72,2.77
1813.90,-0.89,-0.88,-3.79,-3.78,3.77,3.85,2.88,2.89,2.90
1832.03,-1.00,-1.01,-4.02,-4.03,4.05,4.02,3.05,3.04,3.02
1850.36,-1.14,-1.14,-4.29,-4.29,4.33,4.19,3.19,3.19,3.15
1868.86,-1.30,-1.30,-4.58,-4.58,4.65,4.35,3.35,3.34,3.28
1887.55,-1.50,-1.49,-4.91,-4.90,5.00,4.51,3.50,3.51,3.41
1906.42,-1.71,-1.70,-5.25,-5.24,5.38,4.67,3.67,3.68,3.54
1925.49,-1.95,-1.96,-5.62,-5.63,5.77,4.83,3.82,3.80,3.67
1944.74,-2.23,-2.27,-6.02,-6.06,6.12,4.99,3.89,3.86,3.79
1964.19,-2.59,-2.59,-6.51,-6.51,6.41,5.15,3.82,3.82,3.92
1983.83,-2.84,-2.83,-6.89,-6.88,6.62,5.30,3.78,3.79,4.05
2003.67,-2.95,-2.87,-7.14,-7.07,6.74,5.45,3.79,3.86,4.19
2023.71,-2.69,-2.67,-7.05,-7.03,6.79,5.61,4.10,4.11,4.36
2043.94,-2.30,-2.30,-6.83,-6.83,6.78,5.76,4.48,4.48,4.53
2064.38,-1.84,-1.89,-6.54,-6.59,6.75,5.91,4.91,4.86,4.70
2085.03,-1.54,-1.56,-6.41,-6.44,6.72,6.06,5.18,5.15,4.87
2105.88,-1.38,-1.37,-6.43,-6.42,6.71,6.21,5.33,5.33,5.05
2126.94,-1.31,-1.32,-6.53,-6.54,6.73,6.36,5.43,5.41,5.22
2148.20,-1.34,-1.35,-6.73,-6.75,6.80,6.51,5.46,5.45,5.39
2169.69,-1.42,-1.42,-6.99,-6.99,6.89,6.66,5.47,5.46,5.57
2191.38,-1.47,-1.46,-7.23,-7.21,6.98,6.80,5.51,5.52,5.76
2213.30,-1.43,-1.39,-7.37,-7.33,7.07,6.95,5.64,5.68,5.94
2235.43,-1.20,-1.18,-7.33,-7.31,7.14,7.10,5.94,5.96,6.13
2257.78,-0.90,-0.88,-7.22,-7.20,7.21,7.24,6.31,6.33,6.32
2280.36,-0.55,-0.59,-7.05,-7.10,7.28,7.39,6.73,6.69,6.50
2303.17,-0.41,-0.45,-7.08,-7.11,7.37,7.53,6.96,6.92,6.67
2326.20,-0.45,-0.47,-7.24,-7.27,7.47,7.67,7.02,6.99,6.79
2349.46,-0.65,-0.64,-7.55,-7.54,7.60,7.81,6.95,6.97,6.90
2372.95,-0.85,-0.82,-7.87,-7.84,7.77,7.95,6.92,6.95,7.02
2396.68,-0.96,-0.95,-8.09,-8.08,7.95,8.08,6.99,7.00,7.13
2420.65,-1.00,-0.99,-8.25,-8.24,8.12,8.22,7.12,7.13,7.25
2444.86,-0.96,-0.97,-8.32,-8.33,8.24,8.35,7.28,7.27,7.36
2469.31,-0.90,-0.92,-8.37,-8.39,8.31,8.48,7.41,7.40,7.47
2494.00,-0.83,-0.82,-8.41,-8.40,8.33,8.60,7.51,7.52,7.58
2518.94,-0.70,-0.66,-8.40,-8.36,8.33,8.73,7.63,7.66,7.70
2544.13,-0.47,-0.48,-8.28,-8.29,8.32,8.85,7.85,7.84,7.81
2569.57,-0.28,-0.30,-8.21,-8.23,8.34,8.96,8.06,8.04,7.93
2595.27,-0.18,-0.20,-8.22,-8.24,8.40,9.08,8.22,8.20,8.04
2621.22,-0.20,-0.20,-8.36,-8.36,8.49,9.19,8.29,8.29,8.16
2647.43,-0.29,-0.29,-8.55,-8.54,8.62,9.29,8.33,8.33,8.26
2673.90,-0.44,-0.44,-8.76,-8.77,8.76,9.39,8.32,8.32,8.32
2700.64,-0.61,-0.61,-8.99,-8.99,8.91,9.49,8.30,8.30,8.38
2727.65,-0.75,-0.75,-9.19,-9.19,9.03,9.58,8.28,8.28,8.44
2754.93,-0.86,-0.82,-9.35,-9.32,9.14,9.67,8.28,8.32,8.49
2782.48,-0.82,-0.81,-9.37,-9.36,9.23,9.76,8.41,8.42,8.55
2810.30,-0.73,-0.72,-9.34,-9.33,9.32,9.84,8.59,8.60,8.61
2838.40,-0.63,-0.63,-9.30,-9.30,9.41,9.91,8.78,8.78,8.67
2866.79,-0.58,-0.62,-9.30,-9.35,9.53,9.98,8.95,8.91,8.72
2895.46,-0.72,-0.73,-9.50,-9.51,9.68,10.04,8.96,8.95,8.78
2924.41,-0.94,-0.94,-9.78,-9.78,9.88,10.10,8.94,8.94,8.84
2953.65,-1.24,-1.22,-10.13,-10.11,10.13,10.16,8.89,8.91,8.89
2983.19,-1.49,-1.48,-10.44,-10.44,10.40,10.21,8.91,8.91,8.95
3013.02,-1.73,-1.73,-10.74,-10.74,10.66,10.25,8.94,8.93,9.01
3043.15,-1.95,-1.96,-11.00,-11.00,10.90,10.29,8.96,8.95,9.05
3073.58,-2.16,-2.17,-11.22,-11.23,11.11,10.33,8.95,8.94,9.06
3104.32,-2.32,-2.31,-11.38,-11.37,11.29,10.36,8.97,8.98,9.06
3135.36,-2.42,-2.37,-11.48,-11.43,11.44,10.38,9.02,9.07,9.06
3166.72,-2.35,-2.36,-11.41,-11.42,11.53,10.41,9.18,9.18,9.06
3198.38,-2.33,-2.36,-11.39,-11.42,11.58,10.43,9.25,9.22,9.06
3230.37,-2.39,-2.43,-11.45,-11.49,11.59,10.44,9.20,9.15,9.06
3262.67,-2.61,-2.61,-11.65,-11.64,11.54,10.45,8.93,8.94,9.04
3295.30,-2.82,-2.81,-11.81,-11.80,11.45,10.46,8.64,8.64,8.99
3328.25,-2.98,-2.96,-11.91,-11.90,11.33,10.46,8.35,8.37,8.93
3361.53,-3.01,-2.99,-11.89,-11.87,11.17,10.46,8.16,8.18,8.88
3395.15,-2.89,-2.90,-11.71,-11.72,10.96,10.46,8.07,8.06,8.82
3429.10,-2.69,-2.70,-11.45,-11.46,10.71,10.45,8.02,8.01,8.76
3463.39,-2.42,-2.39,-11.13,-11.10,10.41,10.44,7.99,8.02,8.71
3498.03,-2.01,-2.00,-10.66,-10.64,10.11,10.43,8.10,8.11,8.65
3533.01,-1.58,-1.57,-10.16,-10.15,9.83,10.41,8.25,8.26,8.58
3568.34,-1.14,-1.19,-9.65,-9.70,9.61,10.39,8.47,8.42,8.51
3604.02,-0.92,-0.92,-9.36,-9.36,9.44,10.37,8.52,8.51,8.44
3640.06,-0.81,-0.80,-9.18,-9.17,9.32,10.34,8.51,8.52,8.37
3676.46,-0.79,-0.81,-9.09,-9.11,9.25,10.31,8.46,8.44,8.30
3713.22,-0.91,-0.91,-9.14,-9.14,9.21,10.28,8.30,8.30,8.23
3750.36,-1.09,-1.09,-9.24,-9.25,9.21,10.25,8.12,8.11,8.15
3787.86,-1.30,-1.30,-9.37,-9.37,9.23,10.21,7.93,7.93,8.07
3825.74,-1.50,-1.46,-9.48,-9.44,9.30,10.17,7.80,7.83,7.98
3864.00,-1.57,-1.55,-9.46,-9.44,9.39,10.12,7.82,7.84,7.89
3902.64,-1.60,-1.59,-9.41,-9.40,9.49,10.08,7.89,7.89,7.81
3941.66,-1.62,-1.67,-9.34,-9.40,9.56,10.03,7.94,7.89,7.72
3981.08,-1.84,-1.88,-9.48,-9.52,9.60,9.98,7.76,7.72,7.64
4020.89,-2.13,-2.14,-9.68,-9.69,9.61,9.92,7.48,7.47,7.55
4061.10,-2.46,-2.38,-9.93,-9.85,9.62,9.87,7.16,7.24,7.47
4101.71,-2.50,-2.46,-9.88,-9.84,9.67,9.81,7.17,7.21,7.38
4142.73,-2.44,-2.43,-9.74,-9.73,9.76,9.75,7.32,7.33,7.30
4184.15,-2.32,-2.40,-9.53,-9.61,9.85,9.69,7.53,7.46,7.21
4226.00,-2.48,-2.51,-9.60,-9.63,9.93,9.63,7.45,7.43,7.12
4268.26,-2.76,-2.77,-9.80,-9.81,9.98,9.58,7.22,7.21,7.04
4310.94,-3.14,-3.13,-10.09,-10.08,10.00,9.52,6.86,6.87,6.95
4354.05,-3.47,-3.44,-10.34,-10.31,9.98,9.47,6.51,6.54,6.87
4397.59,-3.63,-3.63,-10.41,-10.41,9.92,9.42,6.29,6.29,6.78
4441.56,-3.66,-3.64,-10.36,-10.34,9.81,9.38,6.15,6.17,6.70
4485.98,-3.50,-3.48,-10.11,-10.09,9.65,9.34,6.15,6.17,6.61
4530.84,-3.19,-3.17,-9.71,-9.70,9.45,9.31,6.26,6.27,6.52
4576.15,-2.84,-2.83,-9.28,-9.27,9.25,9.28,6.41,6.42,6.44
4621.91,-2.50,-2.57,-8.85,-8.92,9.09,9.27,6.60,6.53,6.35
4668.13,-2.47,-2.48,-8.74,-8.75,9.02,9.26,6.55,6.54,6.27
4714.81,-2.60,-2.61,-8.78,-8.80,9.05,9.26,6.45,6.43,6.18
4761.96,-2.91,-2.92,-9.01,-9.02,9.14,9.27,6.23,6.22,6.10
4809.58,-3.31,-3.29,-9.32,-9.30,9.27,9.29,5.96,5.98,6.01
4857.67,-3.66,-3.65,-9.59,-9.57,9.41,9.32,5.75,5.76,5.93
4906.25,-3.93,-3.91,-9.77,-9.76,9.54,9.36,5.61,5.62,5.84
4955.31,-4.07,-4.06,-9.83,-9.83,9.64,9.40,5.57,5.57,5.76
5004.87,-4.10,-4.09,-9.80,-9.79,9.68,9.45,5.58,5.59,5.70
5054.91,-4.04,-4.03,-9.68,-9.67,9.65,9.51,5.61,5.62,5.64
5105.46,-3.92,-3.94,-9.50,-9.52,9.57,9.56,5.65,5.63,5.58
5156.52,-3.85,-3.87,-9.37,-9.39,9.45,9.63,5.60,5.59,5.52
5208.08,-3.83,-3.83,-9.30,-9.30,9.34,9.69,5.51,5.51,5.47
5260.16,-3.85,-3.83,-9.26,-9.24,9.26,9.75,5.41,5.43,5.41
5312.77,-3.85,-3.84,-9.20,-9.19,9.23,9.82,5.38,5.39,5.35
5365.89,-3.88,-3.89,-9.18,-9.19,9.24,9.88,5.36,5.36,5.30
5419.55,-3.97,-4.00,-9.21,-9.24,9.31,9.94,5.34,5.31,5.24
5473.75,-4.20,-4.20,-9.38,-9.38,9.43,10.00,5.23,5.23,5.18
5528.49,-4.46,-4.45,-9.58,-9.58,9.59,10.05,5.13,5.14,5.12
5583.77,-4.75,-4.73,-9.82,-9.80,9.79,10.10,5.04,5.06,5.07
5639.61,-4.99,-4.99,-10.00,-10.00,10.02,10.15,5.03,5.03,5.01
5696.00,-5.25,-5.26,-10.20,-10.22,10.25,10.18,5.01,4.99,4.95
5752.96,-5.53,-5.54,-10.43,-10.44,10.47,10.22,4.94,4.93,4.90
5810.49,-5.83,-5.82,-10.67,-10.67,10.64,10.25,4.81,4.82,4.84
5868.60,-6.08,-6.07,-10.86,-10.85,10.75,10.28,4.67,4.68,4.78
5927.28,-6.25,-6.22,-10.98,-10.94,10.78,10.29,4.53,4.57,4.73
5986.56,-6.28,-6.25,-10.95,-10.92,10.75,10.31,4.47,4.50,4.67
6046.42,-6.19,-6.17,-10.80,-10.78,10.66,10.32,4.48,4.50,4.61
6106.89,-6.04,-6.02,-10.59,-10.57,10.55,10.32,4.51,4.53,4.55
6167.96,-5.87,-5.86,-10.36,-10.35,10.43,10.32,4.56,4.57,4.49
6229.64,-5.76,-5.74,-10.18,-10.16,10.33,10.32,4.57,4.59,4.42
6291.93,-5.72,-5.71,-10.07,-10.06,10.26,10.31,4.54,4.55,4.35
6354.85,-5.78,-5.80,-10.06,-10.07,10.24,10.29,4.46,4.44,4.28
6418.40,-6.04,-5.99,-10.24,-10.18,10.26,10.27,4.22,4.26,4.20
6482.58,-6.34,-6.24,-10.47,-10.36,10.30,10.25,3.96,4.06,4.13
6547.41,-6.67,-6.47,-10.73,-10.51,10.37,10.23,3.70,3.90,4.06
6612.88,-6.89,-6.62,-10.88,-10.58,10.43,10.20,3.54,3.81,3.99
6679.01,-7.03,-6.68,-10.95,-10.56,10.47,10.16,3.44,3.79,3.92
6745.80,-7.11,-6.70,-10.96,-10.49,10.48,10.13,3.37,3.78,3.85
6813.26,-7.22,-6.71,-11.00,-10.40,10.45,10.09,3.23,3.74,3.78
6881.39,-7.39,-6.73,-11.10,-10.33,10.38,10.05,2.99,3.65,3.71
6950.21,-7.61,-6.76,-11.24,-10.26,10.28,10.01,2.67,3.52,3.63
7019.71,-7.89,-6.80,-11.44,-10.18,10.17,9.96,2.28,3.37,3.55
7089.91,-8.18,-6.82,-11.61,-10.08,10.05,9.91,1.87,3.23,3.43
7160.81,-8.47,-6.81,-11.78,-9.95,9.92,9.86,1.45,3.11,3.31
7232.41,-8.71,-6.79,-11.89,-9.81,9.79,9.81,1.08,3.00,3.18
7304.74,-8.84,-6.75,-11.89,-9.65,9.65,9.76,0.81,2.91,3.05
7377.79,-8.88,-6.70,-11.80,-9.50,9.52,9.71,0.64,2.81,2.92
7451.56,-8.82,-6.67,-11.61,-9.35,9.38,9.65,0.56,2.71,2.79
7526.08,-8.69,-6.66,-11.35,-9.23,9.26,9.60,0.57,2.60,2.66
7601.34,-8.55,-6.66,-11.09,-9.13,9.15,9.54,0.60,2.48,2.54
7677.35,-8.37,-6.69,-10.78,-9.04,9.05,9.48,0.68,2.36,2.41
7754.13,-8.15,-6.72,-10.43,-8.97,8.97,9.42,0.82,2.25,2.28
7831.67,-7.93,-6.76,-10.08,-8.90,8.90,9.37,0.97,2.13,2.15
7909.98,-7.74,-6.81,-9.76,-8.84,8.83,9.31,1.09,2.03,2.02
7989.08,-7.65,-6.85,-9.54,-8.78,8.77,9.25,1.12,1.92,1.89
8068.98,-7.58,-6.90,-9.35,-8.72,8.71,9.19,1.14,1.81,1.77
8149.67,-7.49,-6.95,-9.14,-8.66,8.66,9.13,1.17,1.70,1.65
8231.16,-7.36,-7.01,-8.90,-8.60,8.60,9.07,1.24,1.59,1.54
8313.47,-7.19,-7.07,-8.61,-8.55,8.55,9.01,1.36,1.48,1.42
8396.61,-7.05,-7.12,-8.36,-8.49,8.49,8.96,1.44,1.37,1.31
8480.57,-6.95,-7.18,-8.14,-8.44,8.44,8.90,1.49,1.26,1.19
8565.38,-6.86,-7.24,-7.94,-8.38,8.39,8.84,1.53,1.14,1.08
8651.03,-6.77,-7.31,-7.73,-8.33,8.34,8.78,1.57,1.03,0.96
8737.54,-6.69,-7.38,-7.55,-8.28,8.29,8.73,1.60,0.91,0.86
8824.92,-6.58,-7.45,-7.34,-8.23,8.24,8.67,1.66,0.78,0.76
8913.17,-6.37,-7.53,-7.03,-8.18,8.19,8.61,1.82,0.66,0.66
9002.30,-6.08,-7.60,-6.64,-8.13,8.13,8.56,2.05,0.53,0.56
9092.32,-5.61,-7.68,-6.07,-8.08,8.07,8.51,2.47,0.40,0.46
9183.25,-5.23,-7.74,-5.59,-8.02,8.01,8.45,2.78,0.27,0.36
9275.08,-4.94,-7.80,-5.20,-7.94,7.94,8.40,3.00,0.14,0.26
9367.83,-4.80,-7.86,-4.94,-7.86,7.86,8.35,3.06,0.01,0.14
9461.51,-4.59,-7.90,-4.60,-7.78,7.77,8.29,3.18,-0.13,0.01
9556.12,-4.33,-7.94,-4.21,-7.68,7.66,8.24,3.33,-0.28,-0.12
9651.68,-3.98,-7.98,-3.74,-7.58,7.55,8.19,3.57,-0.43,-0.24
9748.20,-3.75,-8.02,-3.38,-7.46,7.44,8.14,3.69,-0.57,-0.37
9845.68,-3.69,-8.04,-3.19,-7.34,7.34,8.09,3.65,-0.71,-0.50
9944.14,-3.87,-8.07,-3.23,-7.22,7.24,8.05,3.37,-0.83,-0.64
10043.58,-4.38,-8.08,-3.57,-7.08,7.15,8.00,2.77,-0.94,-0.81
10144.02,-4.96,-8.20,-3.96,-7.04,7.07,7.95,2.11,-1.13,-1.00
10245.46,-5.59,-8.32,-4.41,-7.00,7.00,7.90,1.41,-1.32,-1.18
10347.91,-6.25,-8.44,-4.88,-6.96,6.95,7.86,0.70,-1.49,-1.37
10451.39,-7.01,-8.57,-5.46,-6.92,6.91,7.81,-0.10,-1.66,-1.55
10555.91,-7.85,-8.70,-6.11,-6.89,6.87,7.76,-0.98,-1.82,-1.74
10661.46,-8.82,-8.83,-6.89,-6.85,6.84,7.72,-1.97,-1.98,-1.93
10768.08,-9.66,-8.96,-7.53,-6.82,6.82,7.67,-2.84,-2.14,-2.13
10875.76,-10.38,-9.10,-8.03,-6.78,6.78,7.63,-3.60,-2.31,-2.35
10984.52,-10.88,-9.23,-8.32,-6.75,6.75,7.58,-4.13,-2.49,-2.56
11094.36,-11.26,-9.37,-8.49,-6.71,6.71,7.54,-4.54,-2.66,-2.77
11205.31,-11.53,-9.52,-8.54,-6.68,6.68,7.49,-4.85,-2.84,-2.99
11317.36,-11.66,-9.66,-8.46,-6.65,6.65,7.45,-5.01,-3.01,-3.20
11430.53,-11.47,-9.81,-8.06,-6.62,6.62,7.40,-4.85,-3.19,-3.41
11544.84,-11.10,-9.96,-7.47,-6.59,6.59,7.36,-4.51,-3.37,-3.63
11660.29,-10.57,-10.12,-6.73,-6.56,6.56,7.31,-4.01,-3.56,-3.84
11776.89,-10.03,-10.27,-5.97,-6.53,6.53,7.27,-3.49,-3.74,-4.06
11894.66,-9.67,-10.43,-5.40,-6.51,6.51,7.22,-3.16,-3.93,-4.27
12013.60,-9.51,-10.60,-5.03,-6.48,6.48,7.17,-3.03,-4.11,-4.48
12133.74,-9.80,-10.76,-5.10,-6.46,6.46,7.13,-3.34,-4.30,-4.70
12255.08,-10.35,-10.93,-5.44,-6.43,6.43,7.08,-3.92,-4.50,-4.91
12377.63,-11.06,-11.10,-6.01,-6.41,6.41,7.03,-4.65,-4.69,-5.05
12501.41,-11.84,-11.27,-6.66,-6.38,6.38,6.98,-5.46,-4.89,-5.18
12626.42,-12.46,-11.44,-7.15,-6.36,6.36,6.94,-6.10,-5.08,-5.31
12752.68,-12.96,-11.62,-7.52,-6.34,6.34,6.89,-6.62,-5.28,-5.44
12880.21,-13.31,-11.80,-7.74,-6.32,6.32,6.84,-6.99,-5.48,-5.57
13009.01,-13.51,-11.98,-7.81,-6.30,6.30,6.79,-7.21,-5.69,-5.70
13139.10,-13.65,-12.17,-7.82,-6.28,6.28,6.74,-7.37,-5.89,-5.83
13270.49,-13.73,-12.36,-7.75,-6.26,6.26,6.68,-7.47,-6.10,-5.98
13403.20,-13.86,-12.55,-7.73,-6.24,6.24,6.63,-7.62,-6.30,-6.13
13537.23,-14.00,-12.74,-7.71,-6.23,6.23,6.58,-7.77,-6.51,-6.29
13672.60,-14.16,-12.94,-7.71,-6.21,6.21,6.53,-7.95,-6.73,-6.45
13809.33,-14.18,-13.13,-7.58,-6.19,6.19,6.47,-7.99,-6.94,-6.60
13947.42,-14.08,-13.33,-7.32,-6.18,6.18,6.42,-7.90,-7.16,-6.76
14086.90,-13.88,-13.54,-6.96,-6.17,6.17,6.36,-7.71,-7.37,-6.92
14227.77,-13.57,-13.74,-6.45,-6.15,6.15,6.31,-7.42,-7.59,-7.12
14370.04,-13.34,-13.95,-6.01,-6.14,6.14,6.25,-7.20,-7.81,-7.33
14513.74,-13.19,-14.16,-5.64,-6.13,6.13,6.20,-7.06,-8.03,-7.55
14658.88,-13.16,-14.38,-5.40,-6.12,6.12,6.14,-7.04,-8.26,-7.76
14805.47,-13.12,-14.59,-5.14,-6.11,6.11,6.08,-7.01,-8.49,-7.98
14953.52,-13.06,-14.81,-4.87,-6.10,6.10,6.03,-6.96,-8.71,-8.19
15103.06,-12.96,-15.04,-4.55,-6.09,6.09,5.97,-6.87,-8.94,-8.41
15254.09,-13.02,-15.26,-4.33,-6.08,6.08,5.91,-6.93,-9.18,-8.69
15406.63,-13.25,-15.49,-4.26,-6.08,6.08,5.85,-7.17,-9.41,-8.99
15560.70,-13.70,-15.72,-4.41,-6.07,6.07,5.79,-7.63,-9.64,-9.29
15716.30,-14.40,-15.95,-4.81,-6.07,6.07,5.74,-8.33,-9.88,-9.59
15873.47,-15.04,-16.18,-5.15,-6.06,6.06,5.68,-8.98,-10.12,-9.89
16032.20,-15.59,-16.42,-5.40,-6.06,6.06,5.62,-9.53,-10.36,-10.19
16192.52,-15.82,-16.66,-5.33,-6.06,6.06,5.56,-9.76,-10.60,-10.49
16354.45,-15.97,-16.90,-5.19,-6.05,6.05,5.50,-9.91,-10.85,-10.78
16517.99,-16.08,-17.15,-5.02,-6.05,6.05,5.44,-10.03,-11.09,-11.06
16683.17,-16.25,-17.40,-4.90,-6.05,6.05,5.39,-10.20,-11.34,-11.35
16850.01,-16.48,-17.65,-4.85,-6.05,6.05,5.33,-10.42,-11.59,-11.63
17018.51,-16.73,-17.90,-4.81,-6.06,6.06,5.27,-10.67,-11.84,-11.92
17188.69,-16.97,-18.16,-4.76,-6.06,6.06,5.21,-10.91,-12.10,-12.21
17360.58,-17.17,-18.41,-4.68,-6.06,6.06,5.16,-11.11,-12.35,-12.49
17534.18,-17.33,-18.67,-4.55,-6.06,6.06,5.10,-11.26,-12.61,-12.78
17709.53,-17.48,-18.94,-4.40,-6.07,6.07,5.05,-11.41,-12.87,-13.08
17886.62,-17.67,-19.20,-4.29,-6.07,6.07,4.99,-11.59,-13.13,-13.38
18065.49,-17.94,-19.47,-4.26,-6.08,6.08,4.94,-11.86,-13.39,-13.68
18246.14,-18.32,-19.74,-4.34,-6.09,6.09,4.88,-12.23,-13.66,-13.98
18428.60,-18.99,-20.02,-4.71,-6.10,6.10,4.83,-12.89,-13.92,-14.28
18612.89,-19.79,-20.30,-5.21,-6.10,6.10,4.78,-13.69,-14.19,-14.58
18799.02,-20.74,-20.57,-5.93,-6.11,6.11,4.73,-14.63,-14.46,-14.81
18987.01,-21.92,-20.86,-6.90,-6.12,6.12,4.68,-15.80,-14.73,-15.02
19176.88,-23.22,-21.14,-7.98,-6.13,6.13,4.63,-17.09,-15.01,-15.24
19368.65,-24.62,-21.43,-9.17,-6.15,6.15,4.59,-18.47,-15.28,-15.45
19562.33,-26.09,-21.72,-10.42,-6.16,6.16,4.54,-19.93,-15.56,-15.67
19757.96,-27.51,-22.01,-11.63,-6.17,6.17,4.50,-21.34,-15.84,-15.88
19955.54,-28.92,-22.30,-12.83,-6.19,6.19,4.45,-22.73,-16.12,-16.09
